Company Name,Website,City,Segment,What They Make,Revenue Band,Decision Maker,DM Title,DM Background,C1 Manufacturer Score,C1 Evidence,C2 India Score,C2 Evidence,C3 Differentiation Score,C3 Evidence,C4 Tech DM Score,C4 Evidence,C5 Tailwind Score,C5 Evidence,C6 Growth Score,C6 Evidence,Federer Score,Score Band,Verdict,Verdict Reasoning,Personalization Hook,Evidence Sources
Ananth Technologies,ananthtech.com,Hyderabad,Defence electronics / aerospace,"Satellite systems, avionics, radar subsystems, onboard computers for ISRO and Indian defence programs",Rs.100-300Cr,Dr. Subba Rao Pavuluri,Founder & Chairman,"Ex-ISRO scientist, PhD, built company from ISRO spin-off expertise",Strong,"Multiple manufacturing and integration facilities in Hyderabad. In-house satellite integration, PCB assembly, and system-level testing. Not a services company — produces finished hardware.",Strong,"HQ in Hyderabad. All manufacturing facilities in Telangana.",Strong,"AS9100C certified. First private Indian company authorized by IN-SPACe for GSO satellite operations. Proprietary avionics and onboard computer systems. Deep ISRO supplier relationship spanning decades — not a commodity electronics assembler.",Strong,"Founder Dr. Subba Rao Pavuluri is ex-ISRO scientist with PhD. Gen-2 CEO Adithya Anand actively leading operations. Technical pedigree runs through the leadership.",Strong,"Defence indigenization policy (Make-in-India defence), IN-SPACe opening private space sector, government push to reduce ISRO dependence on foreign components. Exports to international space programs.",Strong,"Revenue Rs.270Cr FY24 with +30% YoY growth. Rs.900Cr order book provides multi-year visibility. Active capacity expansion to handle satellite integration programs. Signals met: Facility + Financial + Hiring.",100,A — Strong Federer,Strong Pass,"Textbook Federer. Scientist-founder with gen-2 transition underway, deep technical moat in satellite systems, operating in the strongest tailwind sector in Indian defence/space, and Rs.900Cr order book shows this is accelerating.",First private Indian company authorized for GSO satellite operations under IN-SPACe — building satellites that were previously only built by ISRO.,ananthtech.com; MCA filings; BSE annual report FY24; IN-SPACe authorization announcement
Avantel Limited,avantel.in,Hyderabad,Defence electronics / communications,"Tactical communication systems, software-defined radios, electronic warfare systems, radar subsystems for Indian defence",Rs.100-300Cr,Dr. Abburi Vidyasagar,Founder & MD,"IIT Kharagpur M.Tech, ex-HAL Hyderabad, 30+ years in defence electronics",Strong,"In-house R&D and manufacturing. Dedicated Electronic City Twp (ECT) facility in Hyderabad inaugurated Oct 2025 (Rs.56Cr investment). Produces finished defence communication hardware.",Strong,"Founder based in Hyderabad. New ECT facility in Hyderabad. Registered office in Vizag where additional manufacturing exists — multi-city but Hyderabad is primary R&D and leadership base.",Strong,"Software-defined radios and EW systems are high-barrier products. DRDO/Indian Navy supplier. Products require security clearances and domain expertise that commodity manufacturers cannot replicate.",Strong,"Founder Dr. Abburi Vidyasagar — IIT Kharagpur M.Tech, ex-HAL Hyderabad. Deep personal domain expertise in defence communications. Technical leadership, not a business-first promoter.",Strong,"Defence indigenization, Make-in-India for military communications, Indian Navy modernization programs. SDR and EW are priority procurement categories with domestic preference.",Strong,"Revenue Rs.248Cr FY25 — 3x growth from FY21. ROCE 37% indicating capital-efficient growth. Rs.56Cr new facility inaugurated Oct 2025. Actively hiring. Signals met: Facility + Financial + Hiring.",100,A — Strong Federer,Strong Pass,"Scientist-founder from IIT-KGP + HAL, 3x revenue growth in 4 years, new facility just opened, defence tailwind. Only caveat: Vizag registered office, but Hyderabad is clearly the operational and leadership hub.",Inaugurated a Rs.56Cr new facility in Hyderabad in October 2025 to handle growing defence electronics order book — revenue has tripled since FY21.,avantel.in; BSE filings FY24 and FY25; facility inauguration press coverage Oct 2025; IIT-KGP alumni records
Lokesh Machines,lokeshmachines.com,Hyderabad,Precision engineering / aerospace components,"CNC machine tools, multi-spindle heads, aerospace components (EURO VI engine blocks for Volvo Eicher), auto components",Rs.100-300Cr,M. Lokeswara Rao,Founder & CMD,"Ex-HMT, 46 years experience in machine tool manufacturing. Gen-2 son heading Aerospace & Auto Components division with M.S. Industrial Engineering from NJIT (USA).",Strong,"Large manufacturing facility in Hyderabad. Produces CNC machines and precision-machined aerospace components in-house. Exports to 7+ countries.",Strong,"HQ and manufacturing in Hyderabad.",Strong,"AS9100 aerospace certification. Makes EURO VI engine block machinery for Volvo Eicher — a high-precision, regulation-driven product. Exports to 7+ countries. Not a commodity job-shop.",Strong,"Founder has 46 years in machine tools (ex-HMT). Gen-2 son has M.S. Industrial Engineering from NJIT, USA — heading the highest-growth division (Aerospace & Auto Components). Technical pedigree across generations.",Strong,"Aerospace component manufacturing is China+1 beneficiary. EURO VI emission norms driving retooling across Indian auto industry. Make-in-India for defence/aerospace components.",Strong,"Market cap up 65% in 1 year. Aerospace division growing as separate vertical under gen-2 leadership. AS9100 certification is recent, signaling deliberate entry into higher-value segments. Signals met: Certifications + Financial.",100,A — Strong Federer,Strong Pass,"Family-led with strong gen-2 technical transition. 46-year-old machine tool expertise now pivoting to aerospace — exactly the kind of capability upgrade that signals a growth-mode Federer company.",Gen-2 leader with NJIT M.S. heading a new Aerospace division that's manufacturing EURO VI engine blocks for Volvo Eicher — pivoting a legacy machine tool business into high-value aerospace.,lokeshmachines.com; BSE annual report FY24; AS9100 certification records; Volvo Eicher supplier disclosures
ABR Organics,abrorganics.net,Hyderabad,Specialty chemicals / advanced materials,"Polyimide films and resins for space and defence applications, specialty monomers, high-performance polymers",<Rs.50Cr,Dr. K.V.C. Rao,Founder,"Ex-ISRO scientist with PhD. Co-founder Dr. Dinesh Bothra holds PhD from Lehigh University (USA). Both scientists, not business-background founders.",Strong,"Manufacturing facility in Hyderabad. Produces specialty polymer products in-house.",Strong,"HQ and manufacturing in Hyderabad.",Strong,"DSIR-recognized R&D lab. Polyimides for space/defence — extremely niche, high-barrier chemistry. Few Indian manufacturers in this space. Supplies to ISRO programs.",Strong,"Both co-founders are PhD scientists — Dr. K.V.C. Rao (ex-ISRO) and Dr. Dinesh Bothra (Lehigh PhD). This is a scientist-founded company through and through.",Moderate,"Specialty materials for space/defence have tailwinds from IN-SPACe and defence indigenization. However, the specific polyimide niche is small and growth depends on ISRO program timelines.",Weak,"Website still references ISO 9001:2008 (not updated to 2015). No visible recent news, hiring activity, or expansion announcements. Revenue estimated ~Rs.40Cr with flat trajectory. Signals met: 0 of 5.",70,B — Probable Federer,Borderline,"Exceptionally strong on differentiation (C3) and technical leadership (C4) — scientist-founders making rare specialty materials for ISRO. But revenue is below Rs.50Cr with no visible growth signals. Website staleness is a red flag. Worth including if the segment is thin, but not a priority target.",Co-founders are ex-ISRO and Lehigh PhD scientists running one of the few Indian manufacturers of polyimide films for space applications — DSIR-recognized R&D lab.,abrorganics.net; DSIR recognition list; ISRO supplier references; MCA filings
Alkali Metals Limited,alkalimetals.com,Hyderabad,Custom synthesis / specialty chemicals,"Niche heterocyclic compounds — tetrazoles, pyridine derivatives, specialty sodium and potassium metal derivatives for pharma and agrochem",Rs.50-100Cr,Y.S.R. Venkata Rao,MD (Gen-2),"B.E. Mechanical, Fellow of Institution of Engineers India (IEI). Board includes Dr. J.S. Yadav (former Director, IICT Hyderabad — one of India's top organic chemistry institutions).",Strong,"Manufacturing facilities in Hyderabad and Vizag (USFDA-approved Vizag unit). Produces specialty chemical intermediates in-house.",Strong,"HQ Hyderabad. Manufacturing in Hyderabad and Vizag.",Strong,"Niche tetrazole and pyridine derivative chemistry — not bulk chemicals. USFDA-approved manufacturing unit. Founded 1968 with deep accumulated process knowledge. These are complex multi-step syntheses, not commodity reactions.",Strong,"Gen-2 MD Y.S.R. Venkata Rao is B.E. Mechanical + Fellow IEI. Board includes Dr. J.S. Yadav (former Director IICT Hyderabad) — having a top Indian organic chemist on the board signals serious technical governance.",Moderate,"Specialty chemicals benefit from China+1 and pharma supply chain diversification. But tetrazoles/pyridines are a narrow niche — tailwind is real but sector-specific, not macro-level.",Moderate,"Revenue Rs.82Cr and growing. USFDA approval is recent relative to company history, suggesting a deliberate move into regulated exports. But growth rate data not readily available and company is 56 years old — steady, not explosive. Signals met: Certifications (1 of 5).",80,A — Strong Federer,Pass,"Solid Federer profile. Gen-2 technical MD, niche chemistry with USFDA-approved manufacturing, eminent board. Not a high-growth rocket — more of a steady compounder upgrading into regulated markets. Worth pursuing for the technical depth and long institutional knowledge.",56-year-old specialty chemicals company just received USFDA approval for their Vizag unit — pivoting accumulated niche chemistry expertise into regulated pharma export markets.,alkalimetals.com; BSE filings; USFDA facility approval database; IICT Hyderabad director records
ViNS Bioproducts,vinsbio.in,Hyderabad,Specialty biotech / antivenoms & antisera,"Antivenoms (snake, scorpion), anti-rabies serum, anti-tetanus serum, anti-diphtheria serum. Equine-plasma-derived biologics.",Rs.30-50Cr,Siddarth Daga,Executive Director,"Active in life sciences industry panels and growth forums. Family-led business (Daga family). Specific academic credentials not publicly available — evaluated on operational leadership signals instead.",Strong,"150-acre equine farm in Telangana for plasma sourcing. In-house manufacturing of finished biological products. Vertically integrated from raw material (horse plasma) to finished antisera.",Strong,"HQ and manufacturing in Telangana. 150-acre equine facility in Telangana.",Strong,"Only Indian company in several antisera categories. PIC/s approved (stringent international regulatory standard). Exports to 110+ countries. Supplies WHO, UNICEF, UNDP. Equine plasma biologics require deep domain expertise and regulatory clearances that are extremely hard to replicate.",Moderate,"Siddarth Daga is active in life sciences industry panels but specific technical credentials not publicly confirmed. Family-led. Scored moderate rather than strong because evidence of technical training is indirect (operational competence) rather than direct (degree, prior institution).",Strong,"Antivenom and antisera demand is growing globally. WHO prioritizing snakebite as a neglected tropical disease. India is world's largest snakebite burden. Government immunization programs expanding.",Moderate,"Exports to 110+ countries and WHO/UNICEF supply are established, not new. PIC/s approval is a recent milestone. Revenue ~Rs.44Cr is small. Growth signals are present but not explosive — steady international expansion rather than rapid scaling. Signals met: Certifications (1 of 5).",80,A — Strong Federer,Pass,"Strong differentiation — possibly the strongest in this batch (only Indian player in multiple antisera categories, PIC/s approved, WHO supplier). Scale is small but the moat is deep. C4 is the weakest point — limited public evidence of technical academic credentials for DM. Still a clear pass on the strength of C3.",Only Indian manufacturer PIC/s approved for antivenoms — supplying WHO and UNICEF across 110+ countries from a vertically integrated equine biologics platform in Telangana.,vinsbio.in; PIC/s approved site list; WHO prequalification records; UNICEF supply division vendor list
Apollo Micro Systems,apollomicro.in,Hyderabad,Defence electronics,"Navigation systems, missile guidance electronics, underwater communication systems for Indian defence",>Rs.500Cr,—,—,"Not evaluated — auto-disqualified on revenue.",Strong,"In-house manufacturing of defence electronics. Dedicated facilities in Hyderabad.",Strong,"HQ and manufacturing in Hyderabad.",Strong,"Missile guidance systems and underwater communications — extremely high-barrier defence electronics. DRDO and Indian Navy supplier.",Strong,"Technical founder background. Deep defence domain expertise.",Strong,"Defence indigenization, Make-in-India, Navy modernization. One of the strongest tailwind positions in Indian manufacturing.",Strong,"FY24 revenue Rs.374Cr, but FY25 jumped to Rs.565Cr (+51% YoY). Acquiring IDL Explosives. Explosive growth trajectory.",0,D — Auto-disqualify,Fail — Auto-disqualify,"Revenue Rs.565Cr FY25 exceeds Rs.500Cr ceiling. Would be a strong pass on all 6 criteria — but has outgrown the ICP. Defence sector is producing high-quality Federer companies that are scaling past our target band fast. Important to check CURRENT revenue, not just last-available annual report.",—,"apollomicro.in; BSE filings FY24 and FY25; IDL Explosives acquisition announcement"
Suven Pharma,suvenpharm.com,Hyderabad,CDMO / pharma intermediates,"Contract development and manufacturing (CDMO) for global innovator pharma — specialty intermediates and APIs",Rs.300-500Cr,—,—,"Not evaluated — auto-disqualified on ownership structure. Now Advent International (PE) controlled.",Strong,"Large-scale CDMO manufacturing facilities in Telangana.",Strong,"HQ and manufacturing in Hyderabad.",Strong,"Specialty CDMO for innovator pharma with complex chemistry capabilities. Strong IP and regulatory track record.",Fail,"PE-controlled. Advent International holds majority stake. No longer promoter-driven. Decision-making has shifted to institutional investors focused on financial returns, not a founder building organizational capability.",Strong,"CDMO and China+1 tailwinds. Pharma outsourcing from innovator companies to India.",Strong,"Large and growing. Active expansion of CDMO capacity.",0,D — Auto-disqualify,Fail — Auto-disqualify,"Now Advent International (PE) controlled — no longer promoter-driven. Fails the Federer test. The company is technically capable and in a strong sector, but the ownership structure means decisions are made by institutional investors, not a founder building in-house capability. PE-backed companies optimize for exit, not for long-term organizational development.",—,"suvenpharm.com; Advent International acquisition announcement; BSE filings showing promoter holding change"
Vimta Labs,vimtalabs.com,Hyderabad,Contract research / testing services,"Contract research organization (CRO) — analytical testing, bioanalytical studies, clinical trials support, environmental testing. Does NOT manufacture products.",<Rs.50Cr,—,—,"Not evaluated — auto-disqualified. CRO (services), not a manufacturer.",Fail,"Contract Research Organization — provides testing and analytical services. No manufacturing of physical products. This is a services company operating in the life sciences industry, but it does not produce goods. A common trap when researching Hyderabad biotech — many Genome Valley companies are CROs, testing labs, or research service providers, not manufacturers.",Strong,"HQ and labs in Hyderabad.",Moderate,"Analytical capabilities are specialized, but the company sells services (testing hours), not a differentiated product. No manufacturing IP.",Not scored,Not scored — disqualified at C1.,Not scored,Not scored — disqualified at C1.,Not scored,Not scored — disqualified at C1.,0,D — Auto-disqualify,Fail — Auto-disqualify,"CRO / testing lab, not a manufacturer. Fails C1. This is an important pattern to recognize: many companies in biotech hubs like Genome Valley look like they belong in the life sciences segment but are actually service companies (CROs, analytical labs, clinical trial managers). Always verify that the company produces a physical product before scoring.",—,"vimtalabs.com; company description on BSE; About Us page clearly states testing and analytical services"
Olectra Greentech,olectra.com,Hyderabad,EV / electric bus manufacturing,"Electric buses, composite polymer insulators",>Rs.500Cr,—,—,"Not evaluated — auto-disqualified on revenue and acquisition.",Strong,"Manufacturing facilities for electric buses and composite insulators.",Strong,"HQ and manufacturing in Hyderabad.",Moderate,"Electric buses are important but increasingly commoditizing as more players enter. Composite insulators are more differentiated but a smaller part of the business.",Not scored,Not scored — disqualified on revenue + acquisition.,Strong,"EV and electric mobility. Government procurement of electric buses under FAME scheme.",Strong,"Revenue Rs.2116Cr FY25. Rapid growth in electric bus orders.",0,D — Auto-disqualify,Fail — Auto-disqualify,"Fails on two counts: (1) Revenue Rs.2116Cr — far above the Rs.500Cr ceiling. (2) Acquired by Megha Engineering group — no longer independent promoter-driven. Even if it were in the revenue band, the acquisition would disqualify it. When a company is acquired by a larger group, the promoter dynamic changes fundamentally — the Federer test requires an independent founder driving capability building.",—,"olectra.com; BSE filings FY25; Megha Engineering acquisition coverage"
